Title,Price,Rating,Colors,Size,Gender,timestamp
Pants 22,4319680,4.9,3,M,Men,2026-05-15 18:28:00.153628
Outerwear 23,4655840,3.7,3,L,Women,2026-05-15 18:28:00.154239
Jacket 24,8223520,3.9,3,XL,Unisex,2026-05-15 18:28:00.154798
Crewneck 25,8322559,3.3,3,XXL,Men,2026-05-15 18:28:00.155362
T-shirt 26,7292320,4.6,3,S,Women,2026-05-15 18:28:00.156000
Hoodie 27,3551840,4.8,3,M,Unisex,2026-05-15 18:28:00.156710
Pants 28,5216160,4.0,3,L,Men,2026-05-15 18:28:00.157550
Outerwear 29,861600,3.1,3,XL,Women,2026-05-15 18:28:00.158259
Jacket 30,8610240,3.7,3,XXL,Unisex,2026-05-15 18:28:00.159012
T-shirt 32,6657920,3.4,3,M,Women,2026-05-15 18:28:00.160638
Hoodie 33,7248160,3.5,3,L,Unisex,2026-05-15 18:28:00.161717
Pants 34,8362719,3.8,3,XL,Men,2026-05-15 18:28:00.162603
Outerwear 35,1356160,3.8,3,XXL,Women,2026-05-15 18:28:00.163592
Jacket 36,7249280,3.7,3,S,Unisex,2026-05-15 18:28:00.164860
Crewneck 37,6006080,4.0,3,M,Men,2026-05-15 18:28:00.165880
T-shirt 38,4866080,3.2,3,L,Women,2026-05-15 18:28:00.166793
Hoodie 39,6431200,4.6,3,XL,Unisex,2026-05-15 18:28:00.167790
Pants 40,5853600,3.1,3,XXL,Men,2026-05-15 18:28:00.168709
Jacket 42,6744160,3.7,3,M,Unisex,2026-05-15 18:28:00.641964
Crewneck 43,2909600,4.5,3,L,Men,2026-05-15 18:28:00.642950
T-shirt 44,3312320,3.0,3,XL,Women,2026-05-15 18:28:00.643804
Hoodie 45,8693120,4.5,3,XXL,Unisex,2026-05-15 18:28:00.644621
Outerwear 47,6364640,3.2,3,M,Women,2026-05-15 18:28:00.646023
Jacket 48,4994720,3.4,3,L,Unisex,2026-05-15 18:28:00.646869
Crewneck 49,1071200,4.0,3,XL,Men,2026-05-15 18:28:00.647950
T-shirt 50,5932960,3.1,3,XXL,Women,2026-05-15 18:28:00.648893
Pants 52,1596480,4.0,3,M,Men,2026-05-15 18:28:00.650579
Outerwear 53,4470880,4.3,3,L,Women,2026-05-15 18:28:00.651401
Jacket 54,854560,4.2,3,XL,Unisex,2026-05-15 18:28:00.652248
Crewneck 55,1793760,3.6,3,XXL,Men,2026-05-15 18:28:00.653968
T-shirt 56,4643040,3.8,3,S,Women,2026-05-15 18:28:00.654818
Hoodie 57,3155360,4.9,3,M,Unisex,2026-05-15 18:28:00.655682
Pants 58,1637760,4.4,3,L,Men,2026-05-15 18:28:00.656512
Outerwear 59,2254240,4.6,3,XL,Women,2026-05-15 18:28:00.657418
Jacket 60,3375520,4.2,3,XXL,Unisex,2026-05-15 18:28:00.658627
T-shirt 62,1376480,3.8,3,M,Women,2026-05-15 18:28:01.214408
Hoodie 63,6479200,3.6,3,L,Unisex,2026-05-15 18:28:01.215847
Pants 64,7728480,4.0,3,XL,Men,2026-05-15 18:28:01.216754
Outerwear 65,2385920,4.1,3,XXL,Women,2026-05-15 18:28:01.217720
Jacket 66,4353120,3.5,3,S,Unisex,2026-05-15 18:28:01.218832
Crewneck 67,8470720,3.5,3,M,Men,2026-05-15 18:28:01.219961
T-shirt 68,8025280,4.0,3,L,Women,2026-05-15 18:28:01.220853
Hoodie 69,1027839,3.6,3,XL,Unisex,2026-05-15 18:28:01.223687
Pants 70,1171360,4.4,3,XXL,Men,2026-05-15 18:28:01.224665
Jacket 72,3776000,4.4,3,M,Unisex,2026-05-15 18:28:01.227063
Crewneck 73,2460320,3.0,3,L,Men,2026-05-15 18:28:01.229305
T-shirt 74,7704800,3.8,3,XL,Women,2026-05-15 18:28:01.230272
Hoodie 75,2101760,4.3,3,XXL,Unisex,2026-05-15 18:28:01.231391
Outerwear 77,861760,3.7,3,M,Women,2026-05-15 18:28:01.233336
Jacket 78,2716480,4.3,3,L,Unisex,2026-05-15 18:28:01.235006
Crewneck 79,3309600,4.6,3,XL,Men,2026-05-15 18:28:01.236554
T-shirt 80,4178399,4.5,3,XXL,Women,2026-05-15 18:28:01.238475
Pants 82,8315520,4.8,3,M,Men,2026-05-15 18:28:01.895887
Outerwear 83,3947840,3.7,3,L,Women,2026-05-15 18:28:01.896768
Jacket 84,2826080,4.8,3,XL,Unisex,2026-05-15 18:28:01.897639
Crewneck 85,4564160,3.5,3,XXL,Men,2026-05-15 18:28:01.898535
T-shirt 86,1670880,3.9,3,S,Women,2026-05-15 18:28:01.899473
Hoodie 87,7870240,4.3,3,M,Unisex,2026-05-15 18:28:01.900467
Pants 88,7590400,3.1,3,L,Men,2026-05-15 18:28:01.901560
Outerwear 89,4856320,3.0,3,XL,Women,2026-05-15 18:28:01.902540
Jacket 90,7160000,4.0,3,XXL,Unisex,2026-05-15 18:28:01.903740
T-shirt 92,5012320,3.5,3,M,Women,2026-05-15 18:28:01.905792
Hoodie 93,1365280,3.6,3,L,Unisex,2026-05-15 18:28:01.906704
Pants 94,1074880,4.3,3,XL,Men,2026-05-15 18:28:01.907745
Outerwear 95,6062240,3.5,3,XXL,Women,2026-05-15 18:28:01.908868
Jacket 96,4598240,4.9,3,S,Unisex,2026-05-15 18:28:01.910640
Crewneck 97,6113120,3.9,3,M,Men,2026-05-15 18:28:01.912332
T-shirt 98,8596960,3.1,3,L,Women,2026-05-15 18:28:01.913705
Hoodie 99,5028000,3.6,3,XL,Unisex,2026-05-15 18:28:01.914887
Pants 100,2217280,4.6,3,XXL,Men,2026-05-15 18:28:01.916094
Jacket 102,3840640,3.3,3,M,Unisex,2026-05-15 18:28:02.607839
Crewneck 103,2331680,3.5,3,L,Men,2026-05-15 18:28:02.608854
T-shirt 104,2374400,3.8,3,XL,Women,2026-05-15 18:28:02.610487
Hoodie 105,5019840,4.2,3,XXL,Unisex,2026-05-15 18:28:02.613934
Outerwear 107,6625120,4.0,3,M,Women,2026-05-15 18:28:02.616274
Jacket 108,5551680,4.8,3,L,Unisex,2026-05-15 18:28:02.617902
Crewneck 109,5886880,3.3,3,XL,Men,2026-05-15 18:28:02.618952
T-shirt 110,7197120,4.6,3,XXL,Women,2026-05-15 18:28:02.619971
Pants 112,4261920,3.3,3,M,Men,2026-05-15 18:28:02.622202
Outerwear 113,4472000,3.7,3,L,Women,2026-05-15 18:28:02.623268
Jacket 114,5386560,4.9,3,XL,Unisex,2026-05-15 18:28:02.624847
Crewneck 115,1933280,4.5,3,XXL,Men,2026-05-15 18:28:02.625932
T-shirt 116,3474560,3.0,3,S,Women,2026-05-15 18:28:02.627077
Hoodie 117,3376320,5.0,3,M,Unisex,2026-05-15 18:28:02.628018
Pants 118,5585440,3.2,3,L,Men,2026-05-15 18:28:02.629015
Outerwear 119,3561760,3.4,3,XL,Women,2026-05-15 18:28:02.630000
Jacket 120,7480320,4.0,3,XXL,Unisex,2026-05-15 18:28:02.632476
T-shirt 122,1961920,3.6,3,M,Women,2026-05-15 18:28:03.289970
Hoodie 123,4498080,3.8,3,L,Unisex,2026-05-15 18:28:03.290835
Pants 124,7023520,3.2,3,XL,Men,2026-05-15 18:28:03.291676
Outerwear 125,6998240,4.2,3,XXL,Women,2026-05-15 18:28:03.292565
Jacket 126,4426080,3.9,3,S,Unisex,2026-05-15 18:28:03.293491
Crewneck 127,8311680,4.0,3,M,Men,2026-05-15 18:28:03.294475
T-shirt 128,4466720,3.8,3,L,Women,2026-05-15 18:28:03.295534
Hoodie 129,2532480,4.5,3,XL,Unisex,2026-05-15 18:28:03.296518
Pants 130,6603520,4.8,3,XXL,Men,2026-05-15 18:28:03.297442
Jacket 132,6474880,4.2,3,M,Unisex,2026-05-15 18:28:03.299504
Crewneck 133,2016320,4.7,3,L,Men,2026-05-15 18:28:03.300441
T-shirt 134,5937440,3.2,3,XL,Women,2026-05-15 18:28:03.301610
Hoodie 135,5141440,4.7,3,XXL,Unisex,2026-05-15 18:28:03.302529
Outerwear 137,6988320,4.5,3,M,Women,2026-05-15 18:28:03.304219
Jacket 138,4635520,3.4,3,L,Unisex,2026-05-15 18:28:03.305203
Crewneck 139,8053120,4.5,3,XL,Men,2026-05-15 18:28:03.306118
T-shirt 140,6811040,3.5,3,XXL,Women,2026-05-15 18:28:03.307983
Pants 142,2325280,4.9,3,M,Men,2026-05-15 18:28:03.908573
Outerwear 143,3346560,4.9,3,L,Women,2026-05-15 18:28:03.909310
Jacket 144,5758240,4.3,3,XL,Unisex,2026-05-15 18:28:03.909937
Crewneck 145,3472800,4.8,3,XXL,Men,2026-05-15 18:28:03.910767
T-shirt 146,7688640,4.3,3,S,Women,2026-05-15 18:28:03.911433
Hoodie 147,3052800,5.0,3,M,Unisex,2026-05-15 18:28:03.912329
Pants 148,6033440,4.7,3,L,Men,2026-05-15 18:28:03.913205
Outerwear 149,3105920,3.2,3,XL,Women,2026-05-15 18:28:03.913954
Jacket 150,1500640,3.6,3,XXL,Unisex,2026-05-15 18:28:03.914731
T-shirt 152,6288640,4.2,3,M,Women,2026-05-15 18:28:03.916185
Hoodie 153,2660640,4.3,3,L,Unisex,2026-05-15 18:28:03.917591
Pants 154,2337440,3.0,3,XL,Men,2026-05-15 18:28:03.918586
Outerwear 155,3783200,4.1,3,XXL,Women,2026-05-15 18:28:03.919442
Jacket 156,6645120,3.6,3,S,Unisex,2026-05-15 18:28:03.920547
Crewneck 157,1105760,4.0,3,M,Men,2026-05-15 18:28:03.921781
T-shirt 158,7321120,4.0,3,L,Women,2026-05-15 18:28:03.922856
Hoodie 159,2371680,4.9,3,XL,Unisex,2026-05-15 18:28:03.923758
Pants 160,2802880,3.4,3,XXL,Men,2026-05-15 18:28:03.924633
Jacket 162,1543840,4.5,3,M,Unisex,2026-05-15 18:28:04.438767
Crewneck 163,7861920,4.4,3,L,Men,2026-05-15 18:28:04.439638
T-shirt 164,3512000,3.9,3,XL,Women,2026-05-15 18:28:04.440257
Hoodie 165,6921280,4.9,3,XXL,Unisex,2026-05-15 18:28:04.440861
Outerwear 167,3273760,3.1,3,M,Women,2026-05-15 18:28:04.441848
Jacket 168,870400,4.4,3,L,Unisex,2026-05-15 18:28:04.442595
Crewneck 169,8032800,4.7,3,XL,Men,2026-05-15 18:28:04.443401
T-shirt 170,6677920,4.5,3,XXL,Women,2026-05-15 18:28:04.444123
Pants 172,1566080,4.9,3,M,Men,2026-05-15 18:28:04.446334
Outerwear 173,7034560,4.6,3,L,Women,2026-05-15 18:28:04.447385
Jacket 174,6282240,3.3,3,XL,Unisex,2026-05-15 18:28:04.448386
Crewneck 175,8125120,4.5,3,XXL,Men,2026-05-15 18:28:04.449421
T-shirt 176,6104320,3.6,3,S,Women,2026-05-15 18:28:04.450622
Hoodie 177,1890400,4.6,3,M,Unisex,2026-05-15 18:28:04.451478
Pants 178,6184160,3.0,3,L,Men,2026-05-15 18:28:04.452495
Outerwear 179,5816640,3.5,3,XL,Women,2026-05-15 18:28:04.453536
Jacket 180,5552640,3.9,3,XXL,Unisex,2026-05-15 18:28:04.454313
T-shirt 182,2334880,3.8,3,M,Women,2026-05-15 18:28:04.965561
Hoodie 183,3904640,3.6,3,L,Unisex,2026-05-15 18:28:04.966258
Pants 184,7759520,4.5,3,XL,Men,2026-05-15 18:28:04.966836
Outerwear 185,7822880,3.2,3,XXL,Women,2026-05-15 18:28:04.967333
Jacket 186,6940480,4.2,3,S,Unisex,2026-05-15 18:28:04.967894
Crewneck 187,6663520,3.8,3,M,Men,2026-05-15 18:28:04.968375
T-shirt 188,3927840,4.4,3,L,Women,2026-05-15 18:28:04.968997
Hoodie 189,1946720,4.0,3,XL,Unisex,2026-05-15 18:28:04.969681
Pants 190,2220960,4.5,3,XXL,Men,2026-05-15 18:28:04.970576
Jacket 192,5066240,3.8,3,M,Unisex,2026-05-15 18:28:04.972056
Crewneck 193,7355680,4.1,3,L,Men,2026-05-15 18:28:04.972845
T-shirt 194,2818720,4.9,3,XL,Women,2026-05-15 18:28:04.973446
Hoodie 195,7208960,4.9,3,XXL,Unisex,2026-05-15 18:28:04.974171
Outerwear 197,5681600,4.9,3,M,Women,2026-05-15 18:28:04.975763
Jacket 198,5435040,4.5,3,L,Unisex,2026-05-15 18:28:04.976472
Crewneck 199,6744320,3.1,3,XL,Men,2026-05-15 18:28:04.977130
T-shirt 200,6289920,3.5,3,XXL,Women,2026-05-15 18:28:04.977945
Pants 202,5592480,3.3,3,M,Men,2026-05-15 18:28:05.433247
Outerwear 203,2144000,3.4,3,L,Women,2026-05-15 18:28:05.433962
Jacket 204,6031040,3.9,3,XL,Unisex,2026-05-15 18:28:05.434783
Crewneck 205,6434880,3.2,3,XXL,Men,2026-05-15 18:28:05.435632
T-shirt 206,4674720,4.5,3,S,Women,2026-05-15 18:28:05.436447
Hoodie 207,6101440,3.5,3,M,Unisex,2026-05-15 18:28:05.437195
Pants 208,4637600,3.1,3,L,Men,2026-05-15 18:28:05.438114
Outerwear 209,7980640,4.3,3,XL,Women,2026-05-15 18:28:05.438949
Jacket 210,7827360,4.7,3,XXL,Unisex,2026-05-15 18:28:05.440688
T-shirt 212,8794880,4.7,3,M,Women,2026-05-15 18:28:05.442430
Hoodie 213,5748000,3.6,3,L,Unisex,2026-05-15 18:28:05.443175
Pants 214,4315680,4.9,3,XL,Men,2026-05-15 18:28:05.444088
Outerwear 215,1449600,3.8,3,XXL,Women,2026-05-15 18:28:05.444708
Jacket 216,4576480,4.6,3,S,Unisex,2026-05-15 18:28:05.445284
Crewneck 217,5772960,4.8,3,M,Men,2026-05-15 18:28:05.445970
T-shirt 218,5600320,3.1,3,L,Women,2026-05-15 18:28:05.446785
Hoodie 219,5671040,4.6,3,XL,Unisex,2026-05-15 18:28:05.447612
Pants 220,3357600,3.2,3,XXL,Men,2026-05-15 18:28:05.448606
Jacket 222,7438080,3.4,3,M,Unisex,2026-05-15 18:28:05.932607
Crewneck 223,952960,4.8,3,L,Men,2026-05-15 18:28:05.933275
T-shirt 224,3534560,4.5,3,XL,Women,2026-05-15 18:28:05.933792
Hoodie 225,5232800,3.5,3,XXL,Unisex,2026-05-15 18:28:05.934301
Outerwear 227,6742560,4.8,3,M,Women,2026-05-15 18:28:05.935153
Jacket 228,8076800,4.5,3,L,Unisex,2026-05-15 18:28:05.935781
Crewneck 229,3101920,4.9,3,XL,Men,2026-05-15 18:28:05.936516
T-shirt 230,7133280,4.5,3,XXL,Women,2026-05-15 18:28:05.937048
Pants 232,8327360,4.0,3,M,Men,2026-05-15 18:28:05.938434
Outerwear 233,847360,4.8,3,L,Women,2026-05-15 18:28:05.939063
Jacket 234,1159200,4.5,3,XL,Unisex,2026-05-15 18:28:05.939500
Crewneck 235,6560320,3.4,3,XXL,Men,2026-05-15 18:28:05.939968
T-shirt 236,5492320,3.9,3,S,Women,2026-05-15 18:28:05.940375
Hoodie 237,4743520,3.1,3,M,Unisex,2026-05-15 18:28:05.941333
Pants 238,8301920,3.8,3,L,Men,2026-05-15 18:28:05.942192
Outerwear 239,7934080,3.1,3,XL,Women,2026-05-15 18:28:05.943050
Jacket 240,7600000,3.8,3,XXL,Unisex,2026-05-15 18:28:05.943719
T-shirt 242,4833600,3.4,3,M,Women,2026-05-15 18:28:06.393251
Hoodie 243,3371680,3.1,3,L,Unisex,2026-05-15 18:28:06.393844
Pants 244,8116160,3.1,3,XL,Men,2026-05-15 18:28:06.394410
Outerwear 245,1451680,4.0,3,XXL,Women,2026-05-15 18:28:06.395004
Jacket 246,8735040,3.1,3,S,Unisex,2026-05-15 18:28:06.395532
Crewneck 247,8769120,3.0,3,M,Men,2026-05-15 18:28:06.396146
T-shirt 248,2280000,4.5,3,L,Women,2026-05-15 18:28:06.396853
Hoodie 249,2149440,4.2,3,XL,Unisex,2026-05-15 18:28:06.397707
Pants 250,4314240,3.1,3,XXL,Men,2026-05-15 18:28:06.398488
Jacket 252,8408480,3.2,3,M,Unisex,2026-05-15 18:28:06.400284
Crewneck 253,1854720,3.9,3,L,Men,2026-05-15 18:28:06.401152
T-shirt 254,5984160,3.9,3,XL,Women,2026-05-15 18:28:06.402018
Hoodie 255,3668000,4.1,3,XXL,Unisex,2026-05-15 18:28:06.402990
Outerwear 257,7073120,5.0,3,M,Women,2026-05-15 18:28:06.404536
Jacket 258,2080639,4.7,3,L,Unisex,2026-05-15 18:28:06.405197
Crewneck 259,2275520,3.3,3,XL,Men,2026-05-15 18:28:06.405810
T-shirt 260,6271520,3.5,3,XXL,Women,2026-05-15 18:28:06.406429
Pants 262,1097760,3.4,3,M,Men,2026-05-15 18:28:06.848550
Outerwear 263,1878400,4.2,3,L,Women,2026-05-15 18:28:06.849320
Jacket 264,2063040,4.8,3,XL,Unisex,2026-05-15 18:28:06.850051
Crewneck 265,2483040,3.5,3,XXL,Men,2026-05-15 18:28:06.850803
T-shirt 266,4842080,4.6,3,S,Women,2026-05-15 18:28:06.851609
Hoodie 267,4086240,4.3,3,M,Unisex,2026-05-15 18:28:06.852352
Pants 268,5005120,3.6,3,L,Men,2026-05-15 18:28:06.853283
Outerwear 269,8073920,3.1,3,XL,Women,2026-05-15 18:28:06.854102
Jacket 270,2569120,4.2,3,XXL,Unisex,2026-05-15 18:28:06.855060
T-shirt 272,5811840,3.3,3,M,Women,2026-05-15 18:28:06.856805
Hoodie 273,5291360,4.9,3,L,Unisex,2026-05-15 18:28:06.857619
Pants 274,3669280,4.2,3,XL,Men,2026-05-15 18:28:06.858427
Outerwear 275,5575360,4.8,3,XXL,Women,2026-05-15 18:28:06.859144
Jacket 276,1013600,4.3,3,S,Unisex,2026-05-15 18:28:06.859815
Crewneck 277,2383680,4.7,3,M,Men,2026-05-15 18:28:06.860474
T-shirt 278,2087360,3.8,3,L,Women,2026-05-15 18:28:06.861224
Hoodie 279,5592320,4.7,3,XL,Unisex,2026-05-15 18:28:06.861854
Pants 280,7501440,3.9,3,XXL,Men,2026-05-15 18:28:06.862527
Jacket 282,2227040,3.0,3,M,Unisex,2026-05-15 18:28:07.272488
Crewneck 283,6633120,3.2,3,L,Men,2026-05-15 18:28:07.273081
T-shirt 284,6568000,3.6,3,XL,Women,2026-05-15 18:28:07.273659
Hoodie 285,3009120,3.2,3,XXL,Unisex,2026-05-15 18:28:07.274342
Outerwear 287,5273600,3.7,3,M,Women,2026-05-15 18:28:07.275580
Jacket 288,3123040,4.1,3,L,Unisex,2026-05-15 18:28:07.276365
Crewneck 289,888000,4.0,3,XL,Men,2026-05-15 18:28:07.277587
T-shirt 290,6425120,4.2,3,XXL,Women,2026-05-15 18:28:07.278397
Pants 292,2384480,3.9,3,M,Men,2026-05-15 18:28:07.280337
Outerwear 293,1176160,4.5,3,L,Women,2026-05-15 18:28:07.281194
Jacket 294,5947200,3.8,3,XL,Unisex,2026-05-15 18:28:07.282137
Crewneck 295,7266720,4.9,3,XXL,Men,2026-05-15 18:28:07.282993
T-shirt 296,1172160,3.1,3,S,Women,2026-05-15 18:28:07.283846
Hoodie 297,7801120,3.6,3,M,Unisex,2026-05-15 18:28:07.284770
Pants 298,2426080,4.8,3,L,Men,2026-05-15 18:28:07.285564
Outerwear 299,1947840,4.3,3,XL,Women,2026-05-15 18:28:07.286359
Jacket 300,6408480,4.0,3,XXL,Unisex,2026-05-15 18:28:07.287059
T-shirt 302,5711200,3.2,3,M,Women,2026-05-15 18:28:07.733594
Hoodie 303,7974560,4.1,3,L,Unisex,2026-05-15 18:28:07.734228
Pants 304,7129760,3.4,3,XL,Men,2026-05-15 18:28:07.734914
Outerwear 305,6325440,4.5,3,XXL,Women,2026-05-15 18:28:07.735710
Jacket 306,7575040,4.2,3,S,Unisex,2026-05-15 18:28:07.736429
Crewneck 307,7735200,3.7,3,M,Men,2026-05-15 18:28:07.737257
T-shirt 308,4086080,4.1,3,L,Women,2026-05-15 18:28:07.738217
Hoodie 309,3953120,4.8,3,XL,Unisex,2026-05-15 18:28:07.739033
Pants 310,6329280,4.7,3,XXL,Men,2026-05-15 18:28:07.739948
Jacket 312,7267040,3.8,3,M,Unisex,2026-05-15 18:28:07.741538
Crewneck 313,1948320,3.1,3,L,Men,2026-05-15 18:28:07.742534
T-shirt 314,6017120,3.2,3,XL,Women,2026-05-15 18:28:07.743481
Hoodie 315,7022880,3.1,3,XXL,Unisex,2026-05-15 18:28:07.744468
Outerwear 317,5259040,3.3,3,M,Women,2026-05-15 18:28:07.745392
Jacket 318,5667200,3.7,3,L,Unisex,2026-05-15 18:28:07.745918
Crewneck 319,3085920,3.3,3,XL,Men,2026-05-15 18:28:07.746558
T-shirt 320,829440,3.3,3,XXL,Women,2026-05-15 18:28:07.747286
Pants 322,7810400,3.2,3,M,Men,2026-05-15 18:28:08.196228
Outerwear 323,8468000,3.1,3,L,Women,2026-05-15 18:28:08.196806
Jacket 324,6082720,3.3,3,XL,Unisex,2026-05-15 18:28:08.197315
Crewneck 325,3001760,3.4,3,XXL,Men,2026-05-15 18:28:08.197784
T-shirt 326,4519360,4.9,3,S,Women,2026-05-15 18:28:08.198495
Hoodie 327,6641440,4.4,3,M,Unisex,2026-05-15 18:28:08.199129
Pants 328,5732960,4.5,3,L,Men,2026-05-15 18:28:08.199736
Outerwear 329,6724160,4.7,3,XL,Women,2026-05-15 18:28:08.200437
Jacket 330,1591200,4.3,3,XXL,Unisex,2026-05-15 18:28:08.201171
T-shirt 332,2335680,3.4,3,M,Women,2026-05-15 18:28:08.202736
Hoodie 333,1746080,4.8,3,L,Unisex,2026-05-15 18:28:08.203527
Pants 334,2409440,3.8,3,XL,Men,2026-05-15 18:28:08.204080
Outerwear 335,2826720,3.0,3,XXL,Women,2026-05-15 18:28:08.204641
Jacket 336,6237760,5.0,3,S,Unisex,2026-05-15 18:28:08.205297
Crewneck 337,8608800,4.3,3,M,Men,2026-05-15 18:28:08.205896
T-shirt 338,2883360,3.9,3,L,Women,2026-05-15 18:28:08.206456
Hoodie 339,4424800,4.9,3,XL,Unisex,2026-05-15 18:28:08.207030
Pants 340,5975200,4.3,3,XXL,Men,2026-05-15 18:28:08.207498
Jacket 342,1827680,4.8,3,M,Unisex,2026-05-15 18:28:08.635197
Crewneck 343,2279040,4.1,3,L,Men,2026-05-15 18:28:08.635795
T-shirt 344,3415680,4.5,3,XL,Women,2026-05-15 18:28:08.636738
Hoodie 345,7577440,3.3,3,XXL,Unisex,2026-05-15 18:28:08.637328
Outerwear 347,6986080,4.7,3,M,Women,2026-05-15 18:28:08.638444
Jacket 348,3195040,4.6,3,L,Unisex,2026-05-15 18:28:08.639250
Crewneck 349,6085600,3.5,3,XL,Men,2026-05-15 18:28:08.640183
T-shirt 350,8047680,5.0,3,XXL,Women,2026-05-15 18:28:08.641045
Pants 352,2838880,4.0,3,M,Men,2026-05-15 18:28:08.642880
Outerwear 353,961600,3.6,3,L,Women,2026-05-15 18:28:08.643994
Jacket 354,2294720,3.8,3,XL,Unisex,2026-05-15 18:28:08.645070
Crewneck 355,4246560,3.2,3,XXL,Men,2026-05-15 18:28:08.646125
T-shirt 356,7150080,4.3,3,S,Women,2026-05-15 18:28:08.646993
Hoodie 357,3739360,3.6,3,M,Unisex,2026-05-15 18:28:08.648155
Pants 358,8479520,3.9,3,L,Men,2026-05-15 18:28:08.649066
Outerwear 359,1696480,4.3,3,XL,Women,2026-05-15 18:28:08.649941
Jacket 360,8788320,4.8,3,XXL,Unisex,2026-05-15 18:28:08.650699
T-shirt 362,4776800,5.0,3,M,Women,2026-05-15 18:28:09.069452
Hoodie 363,1171360,3.2,3,L,Unisex,2026-05-15 18:28:09.069947
Pants 364,4972800,4.8,3,XL,Men,2026-05-15 18:28:09.070465
Outerwear 365,6956480,4.5,3,XXL,Women,2026-05-15 18:28:09.070962
Jacket 366,5854880,4.9,3,S,Unisex,2026-05-15 18:28:09.071465
Crewneck 367,8359360,4.9,3,M,Men,2026-05-15 18:28:09.072073
T-shirt 368,965120,3.2,3,L,Women,2026-05-15 18:28:09.072627
Hoodie 369,7204960,4.7,3,XL,Unisex,2026-05-15 18:28:09.073265
Pants 370,4559680,3.6,3,XXL,Men,2026-05-15 18:28:09.073864
Jacket 372,5052960,3.6,3,M,Unisex,2026-05-15 18:28:09.075179
Crewneck 373,2231040,3.6,3,L,Men,2026-05-15 18:28:09.075857
T-shirt 374,7697120,3.9,3,XL,Women,2026-05-15 18:28:09.076386
Hoodie 375,7027520,3.9,3,XXL,Unisex,2026-05-15 18:28:09.076912
Outerwear 377,6802080,4.8,3,M,Women,2026-05-15 18:28:09.077970
Jacket 378,3402400,3.6,3,L,Unisex,2026-05-15 18:28:09.078619
Crewneck 379,3963200,4.4,3,XL,Men,2026-05-15 18:28:09.079803
T-shirt 380,2547040,3.8,3,XXL,Women,2026-05-15 18:28:09.080626
Pants 382,1356160,4.4,3,M,Men,2026-05-15 18:28:09.497249
Outerwear 383,3431040,3.4,3,L,Women,2026-05-15 18:28:09.498066
Jacket 384,1452960,3.3,3,XL,Unisex,2026-05-15 18:28:09.498957
Crewneck 385,7950720,4.9,3,XXL,Men,2026-05-15 18:28:09.499763
T-shirt 386,4793600,4.6,3,S,Women,2026-05-15 18:28:09.500503
Hoodie 387,8418080,4.2,3,M,Unisex,2026-05-15 18:28:09.501330
Pants 388,931200,3.1,3,L,Men,2026-05-15 18:28:09.502145
Outerwear 389,2883200,5.0,3,XL,Women,2026-05-15 18:28:09.502964
Jacket 390,5432960,3.3,3,XXL,Unisex,2026-05-15 18:28:09.503692
T-shirt 392,1226080,4.4,3,M,Women,2026-05-15 18:28:09.505268
Hoodie 393,4068480,3.2,3,L,Unisex,2026-05-15 18:28:09.506433
Pants 394,3540000,3.3,3,XL,Men,2026-05-15 18:28:09.507281
Outerwear 395,3098720,4.0,3,XXL,Women,2026-05-15 18:28:09.508165
Jacket 396,2505280,3.9,3,S,Unisex,2026-05-15 18:28:09.508990
Crewneck 397,855360,3.6,3,M,Men,2026-05-15 18:28:09.509767
T-shirt 398,4592800,4.7,3,L,Women,2026-05-15 18:28:09.510459
Hoodie 399,2523520,3.6,3,XL,Unisex,2026-05-15 18:28:09.511185
Pants 400,6020640,4.7,3,XXL,Men,2026-05-15 18:28:09.511897
Jacket 402,2029120,4.6,3,M,Unisex,2026-05-15 18:28:09.919959
Crewneck 403,1580320,4.1,3,L,Men,2026-05-15 18:28:09.920621
T-shirt 404,3501120,4.9,3,XL,Women,2026-05-15 18:28:09.921233
Hoodie 405,5080160,3.8,3,XXL,Unisex,2026-05-15 18:28:09.921780
Outerwear 407,2761280,3.7,3,M,Women,2026-05-15 18:28:09.922776
Jacket 408,4176000,4.9,3,L,Unisex,2026-05-15 18:28:09.923336
Crewneck 409,3221760,3.5,3,XL,Men,2026-05-15 18:28:09.923837
T-shirt 410,1586720,3.1,3,XXL,Women,2026-05-15 18:28:09.924261
Pants 412,5438240,4.4,3,M,Men,2026-05-15 18:28:09.925500
Outerwear 413,1306400,3.4,3,L,Women,2026-05-15 18:28:09.926182
Jacket 414,2234720,3.7,3,XL,Unisex,2026-05-15 18:28:09.927021
Crewneck 415,3617440,3.1,3,XXL,Men,2026-05-15 18:28:09.927702
T-shirt 416,4454080,3.1,3,S,Women,2026-05-15 18:28:09.928582
Hoodie 417,2769440,4.6,3,M,Unisex,2026-05-15 18:28:09.929170
Pants 418,6307840,5.0,3,L,Men,2026-05-15 18:28:09.929857
Outerwear 419,7004000,5.0,3,XL,Women,2026-05-15 18:28:09.930697
Jacket 420,2472640,3.1,3,XXL,Unisex,2026-05-15 18:28:09.931506
T-shirt 422,924320,3.9,3,M,Women,2026-05-15 18:28:10.330589
Hoodie 423,4601760,3.7,3,L,Unisex,2026-05-15 18:28:10.331045
Pants 424,3865760,4.4,3,XL,Men,2026-05-15 18:28:10.331571
Outerwear 425,2528480,4.8,3,XXL,Women,2026-05-15 18:28:10.332080
Jacket 426,3462400,3.4,3,S,Unisex,2026-05-15 18:28:10.332613
Crewneck 427,6375200,3.3,3,M,Men,2026-05-15 18:28:10.333290
T-shirt 428,7053120,4.9,3,L,Women,2026-05-15 18:28:10.334080
Hoodie 429,1658560,4.9,3,XL,Unisex,2026-05-15 18:28:10.335025
Pants 430,1442080,3.9,3,XXL,Men,2026-05-15 18:28:10.335862
Jacket 432,2151840,4.5,3,M,Unisex,2026-05-15 18:28:10.337717
Crewneck 433,3872480,4.2,3,L,Men,2026-05-15 18:28:10.338476
T-shirt 434,6557120,4.9,3,XL,Women,2026-05-15 18:28:10.339534
Hoodie 435,1015680,4.0,3,XXL,Unisex,2026-05-15 18:28:10.340570
Outerwear 437,1016800,3.9,3,M,Women,2026-05-15 18:28:10.341957
Jacket 438,2453120,4.5,3,L,Unisex,2026-05-15 18:28:10.342785
Crewneck 439,4005440,3.2,3,XL,Men,2026-05-15 18:28:10.343646
T-shirt 440,5326080,3.0,3,XXL,Women,2026-05-15 18:28:10.344986
Pants 442,4701600,4.3,3,M,Men,2026-05-15 18:28:10.753180
Outerwear 443,7262720,4.2,3,L,Women,2026-05-15 18:28:10.753718
Jacket 444,4016960,3.3,3,XL,Unisex,2026-05-15 18:28:10.754312
Crewneck 445,3574240,4.5,3,XXL,Men,2026-05-15 18:28:10.754885
T-shirt 446,7740160,3.2,3,S,Women,2026-05-15 18:28:10.755464
Hoodie 447,4748640,4.0,3,M,Unisex,2026-05-15 18:28:10.756023
Pants 448,820160,4.4,3,L,Men,2026-05-15 18:28:10.756624
Outerwear 449,6410080,4.0,3,XL,Women,2026-05-15 18:28:10.757284
Jacket 450,8754880,3.1,3,XXL,Unisex,2026-05-15 18:28:10.757881
T-shirt 452,6892800,4.4,3,M,Women,2026-05-15 18:28:10.759514
Hoodie 453,6576960,4.2,3,L,Unisex,2026-05-15 18:28:10.760474
Pants 454,2179520,5.0,3,XL,Men,2026-05-15 18:28:10.761238
Outerwear 455,1094080,4.8,3,XXL,Women,2026-05-15 18:28:10.761958
Jacket 456,8096000,4.1,3,S,Unisex,2026-05-15 18:28:10.762825
Crewneck 457,7342880,4.8,3,M,Men,2026-05-15 18:28:10.763974
T-shirt 458,4240000,4.4,3,L,Women,2026-05-15 18:28:10.764882
Hoodie 459,3237280,3.5,3,XL,Unisex,2026-05-15 18:28:10.765698
Pants 460,1880800,3.6,3,XXL,Men,2026-05-15 18:28:10.766520
Jacket 462,6767840,4.5,3,M,Unisex,2026-05-15 18:28:11.189933
Crewneck 463,7539520,4.5,3,L,Men,2026-05-15 18:28:11.190878
T-shirt 464,6070080,4.5,3,XL,Women,2026-05-15 18:28:11.192740
Hoodie 465,6164320,4.7,3,XXL,Unisex,2026-05-15 18:28:11.195597
Outerwear 467,1325920,3.5,3,M,Women,2026-05-15 18:28:11.199784
Jacket 468,4584960,3.7,3,L,Unisex,2026-05-15 18:28:11.200795
Crewneck 469,1738880,4.2,3,XL,Men,2026-05-15 18:28:11.202021
T-shirt 470,7738880,3.1,3,XXL,Women,2026-05-15 18:28:11.203011
Pants 472,3902080,3.1,3,M,Men,2026-05-15 18:28:11.206548
Outerwear 473,5478080,4.2,3,L,Women,2026-05-15 18:28:11.207487
Jacket 474,5864960,4.7,3,XL,Unisex,2026-05-15 18:28:11.208461
Crewneck 475,7017280,4.6,3,XXL,Men,2026-05-15 18:28:11.209776
T-shirt 476,3986240,4.3,3,S,Women,2026-05-15 18:28:11.211067
Hoodie 477,6626080,4.2,3,M,Unisex,2026-05-15 18:28:11.213423
Pants 478,4912000,3.8,3,L,Men,2026-05-15 18:28:11.215092
Outerwear 479,7302400,4.4,3,XL,Women,2026-05-15 18:28:11.215994
Jacket 480,4986240,4.2,3,XXL,Unisex,2026-05-15 18:28:11.217540
T-shirt 482,3352480,4.8,3,M,Women,2026-05-15 18:28:11.693357
Hoodie 483,4035040,4.2,3,L,Unisex,2026-05-15 18:28:11.693925
Pants 484,6428640,4.1,3,XL,Men,2026-05-15 18:28:11.694499
Outerwear 485,4044480,4.7,3,XXL,Women,2026-05-15 18:28:11.695029
Jacket 486,2573760,3.0,3,S,Unisex,2026-05-15 18:28:11.695501
Crewneck 487,6955520,3.7,3,M,Men,2026-05-15 18:28:11.695906
T-shirt 488,8789760,3.8,3,L,Women,2026-05-15 18:28:11.696310
Hoodie 489,3554560,5.0,3,XL,Unisex,2026-05-15 18:28:11.696817
Pants 490,7081600,3.1,3,XXL,Men,2026-05-15 18:28:11.697516
Jacket 492,6011840,3.0,3,M,Unisex,2026-05-15 18:28:11.698882
Crewneck 493,5071520,4.8,3,L,Men,2026-05-15 18:28:11.699640
T-shirt 494,1390080,3.4,3,XL,Women,2026-05-15 18:28:11.700388
Hoodie 495,1663200,4.5,3,XXL,Unisex,2026-05-15 18:28:11.701145
Outerwear 497,3957760,4.4,3,M,Women,2026-05-15 18:28:11.702671
Jacket 498,4412800,4.6,3,L,Unisex,2026-05-15 18:28:11.703460
Crewneck 499,7825920,4.1,3,XL,Men,2026-05-15 18:28:11.704102
T-shirt 500,8114400,4.2,3,XXL,Women,2026-05-15 18:28:11.704621
Pants 502,7132480,4.4,3,M,Men,2026-05-15 18:28:12.096934
Outerwear 503,4924480,4.8,3,L,Women,2026-05-15 18:28:12.097484
Jacket 504,8024480,5.0,3,XL,Unisex,2026-05-15 18:28:12.098066
Crewneck 505,8747680,4.3,3,XXL,Men,2026-05-15 18:28:12.098601
T-shirt 506,8572000,3.6,3,S,Women,2026-05-15 18:28:12.099158
Hoodie 507,6844000,4.7,3,M,Unisex,2026-05-15 18:28:12.099764
Pants 508,7766080,3.5,3,L,Men,2026-05-15 18:28:12.100439
Outerwear 509,7178400,3.1,3,XL,Women,2026-05-15 18:28:12.101011
Jacket 510,1562080,3.4,3,XXL,Unisex,2026-05-15 18:28:12.101659
T-shirt 512,4319680,3.7,3,M,Women,2026-05-15 18:28:12.103032
Hoodie 513,1693760,4.4,3,L,Unisex,2026-05-15 18:28:12.103504
Pants 514,6888960,3.9,3,XL,Men,2026-05-15 18:28:12.103904
Outerwear 515,7262560,3.1,3,XXL,Women,2026-05-15 18:28:12.104293
Jacket 516,7130720,3.4,3,S,Unisex,2026-05-15 18:28:12.105392
Crewneck 517,1069280,3.5,3,M,Men,2026-05-15 18:28:12.106148
T-shirt 518,2575680,4.1,3,L,Women,2026-05-15 18:28:12.106862
Hoodie 519,2236160,4.5,3,XL,Unisex,2026-05-15 18:28:12.107334
Pants 520,2308320,3.8,3,XXL,Men,2026-05-15 18:28:12.107773
Jacket 522,6292960,4.0,3,M,Unisex,2026-05-15 18:28:12.492417
Crewneck 523,3626720,4.6,3,L,Men,2026-05-15 18:28:12.493005
T-shirt 524,936000,3.8,3,XL,Women,2026-05-15 18:28:12.493558
Hoodie 525,7919040,3.6,3,XXL,Unisex,2026-05-15 18:28:12.494051
Outerwear 527,4669280,3.6,3,M,Women,2026-05-15 18:28:12.495533
Jacket 528,5595840,4.0,3,L,Unisex,2026-05-15 18:28:12.496215
Crewneck 529,1420160,3.2,3,XL,Men,2026-05-15 18:28:12.496869
T-shirt 530,6173760,3.3,3,XXL,Women,2026-05-15 18:28:12.497551
Pants 532,8391200,4.1,3,M,Men,2026-05-15 18:28:12.498607
Outerwear 533,3370240,4.2,3,L,Women,2026-05-15 18:28:12.499291
Jacket 534,3479200,3.7,3,XL,Unisex,2026-05-15 18:28:12.500040
Crewneck 535,3901280,3.7,3,XXL,Men,2026-05-15 18:28:12.500869
T-shirt 536,5092480,3.0,3,S,Women,2026-05-15 18:28:12.501764
Hoodie 537,8671840,3.1,3,M,Unisex,2026-05-15 18:28:12.502527
Pants 538,6134240,3.4,3,L,Men,2026-05-15 18:28:12.503029
Outerwear 539,4692640,4.7,3,XL,Women,2026-05-15 18:28:12.503535
Jacket 540,7051840,4.4,3,XXL,Unisex,2026-05-15 18:28:12.503992
T-shirt 542,4761440,3.5,3,M,Women,2026-05-15 18:28:12.904621
Hoodie 543,8715680,4.7,3,L,Unisex,2026-05-15 18:28:12.905194
Pants 544,5957760,3.1,3,XL,Men,2026-05-15 18:28:12.905662
Outerwear 545,3579360,4.0,3,XXL,Women,2026-05-15 18:28:12.906116
Jacket 546,6271520,3.3,3,S,Unisex,2026-05-15 18:28:12.906587
Crewneck 547,5361120,3.9,3,M,Men,2026-05-15 18:28:12.907091
T-shirt 548,2686240,4.6,3,L,Women,2026-05-15 18:28:12.907625
Hoodie 549,2687200,3.7,3,XL,Unisex,2026-05-15 18:28:12.908162
Pants 550,4450080,4.9,3,XXL,Men,2026-05-15 18:28:12.908702
Jacket 552,5380320,4.1,3,M,Unisex,2026-05-15 18:28:12.910094
Crewneck 553,7760800,3.8,3,L,Men,2026-05-15 18:28:12.910732
T-shirt 554,4001120,4.5,3,XL,Women,2026-05-15 18:28:12.911632
Hoodie 555,1809600,3.0,3,XXL,Unisex,2026-05-15 18:28:12.912529
Outerwear 557,5460480,3.4,3,M,Women,2026-05-15 18:28:12.914212
Jacket 558,5007040,4.0,3,L,Unisex,2026-05-15 18:28:12.915176
Crewneck 559,1590880,3.5,3,XL,Men,2026-05-15 18:28:12.916163
T-shirt 560,6885280,4.2,3,XXL,Women,2026-05-15 18:28:12.916845
Pants 562,3724160,4.5,3,M,Men,2026-05-15 18:28:13.359084
Outerwear 563,8197440,4.7,3,L,Women,2026-05-15 18:28:13.359699
Jacket 564,8319200,4.3,3,XL,Unisex,2026-05-15 18:28:13.360309
Crewneck 565,7635200,3.5,3,XXL,Men,2026-05-15 18:28:13.360867
T-shirt 566,2611360,4.6,3,S,Women,2026-05-15 18:28:13.361511
Hoodie 567,4576160,3.2,3,M,Unisex,2026-05-15 18:28:13.362112
Pants 568,2984160,3.3,3,L,Men,2026-05-15 18:28:13.362759
Outerwear 569,4966880,4.7,3,XL,Women,2026-05-15 18:28:13.363261
Jacket 570,4000960,3.9,3,XXL,Unisex,2026-05-15 18:28:13.363703
T-shirt 572,4756320,3.2,3,M,Women,2026-05-15 18:28:13.364547
Hoodie 573,6954080,4.5,3,L,Unisex,2026-05-15 18:28:13.364985
Pants 574,2424000,3.8,3,XL,Men,2026-05-15 18:28:13.365481
Outerwear 575,3517760,3.4,3,XXL,Women,2026-05-15 18:28:13.365918
Jacket 576,805600,3.5,3,S,Unisex,2026-05-15 18:28:13.366305
Crewneck 577,7873920,3.3,3,M,Men,2026-05-15 18:28:13.366940
T-shirt 578,7958880,4.1,3,L,Women,2026-05-15 18:28:13.367592
Hoodie 579,4428640,4.4,3,XL,Unisex,2026-05-15 18:28:13.368235
Pants 580,2625440,3.3,3,XXL,Men,2026-05-15 18:28:13.368730
Jacket 582,4112160,4.1,3,M,Unisex,2026-05-15 18:28:13.761844
Crewneck 583,5737760,4.5,3,L,Men,2026-05-15 18:28:13.762538
T-shirt 584,6964960,4.8,3,XL,Women,2026-05-15 18:28:13.763240
Hoodie 585,6186880,4.9,3,XXL,Unisex,2026-05-15 18:28:13.763831
Outerwear 587,4424960,4.4,3,M,Women,2026-05-15 18:28:13.764681
Jacket 588,4963040,4.7,3,L,Unisex,2026-05-15 18:28:13.765146
Crewneck 589,931840,4.7,3,XL,Men,2026-05-15 18:28:13.765670
T-shirt 590,6457120,3.9,3,XXL,Women,2026-05-15 18:28:13.766245
Pants 592,6805440,4.3,3,M,Men,2026-05-15 18:28:13.767398
Outerwear 593,7163840,3.9,3,L,Women,2026-05-15 18:28:13.767839
Jacket 594,8707680,4.2,3,XL,Unisex,2026-05-15 18:28:13.768271
Crewneck 595,3723840,3.5,3,XXL,Men,2026-05-15 18:28:13.768664
T-shirt 596,8290400,4.4,3,S,Women,2026-05-15 18:28:13.769037
Hoodie 597,7969440,3.3,3,M,Unisex,2026-05-15 18:28:13.769837
Pants 598,4714080,4.1,3,L,Men,2026-05-15 18:28:13.770470
Outerwear 599,1179040,3.3,3,XL,Women,2026-05-15 18:28:13.771408
Jacket 600,6414080,3.0,3,XXL,Unisex,2026-05-15 18:28:13.772099
T-shirt 602,2260960,4.4,3,M,Women,2026-05-15 18:28:14.168367
Hoodie 603,7511520,3.1,3,L,Unisex,2026-05-15 18:28:14.168995
Pants 604,7662240,4.3,3,XL,Men,2026-05-15 18:28:14.169562
Outerwear 605,1710720,3.7,3,XXL,Women,2026-05-15 18:28:14.170097
Jacket 606,5770720,4.6,3,S,Unisex,2026-05-15 18:28:14.170801
Crewneck 607,3857600,3.1,3,M,Men,2026-05-15 18:28:14.171356
T-shirt 608,7047840,4.6,3,L,Women,2026-05-15 18:28:14.171967
Hoodie 609,2956320,4.1,3,XL,Unisex,2026-05-15 18:28:14.172587
Pants 610,4515360,3.3,3,XXL,Men,2026-05-15 18:28:14.173479
Jacket 612,3202720,3.1,3,M,Unisex,2026-05-15 18:28:14.175152
Crewneck 613,1013920,3.6,3,L,Men,2026-05-15 18:28:14.176220
T-shirt 614,2428160,3.1,3,XL,Women,2026-05-15 18:28:14.177230
Hoodie 615,4798720,4.8,3,XXL,Unisex,2026-05-15 18:28:14.178018
Outerwear 617,1765920,4.3,3,M,Women,2026-05-15 18:28:14.179269
Jacket 618,6474080,3.3,3,L,Unisex,2026-05-15 18:28:14.179940
Crewneck 619,8340639,4.4,3,XL,Men,2026-05-15 18:28:14.180588
T-shirt 620,2270240,3.3,3,XXL,Women,2026-05-15 18:28:14.181374
Pants 622,4849600,3.5,3,M,Men,2026-05-15 18:28:14.601925
Outerwear 623,7299520,4.6,3,L,Women,2026-05-15 18:28:14.602536
Jacket 624,6943200,3.9,3,XL,Unisex,2026-05-15 18:28:14.603142
Crewneck 625,7826400,4.1,3,XXL,Men,2026-05-15 18:28:14.603716
T-shirt 626,7777440,4.5,3,S,Women,2026-05-15 18:28:14.604283
Hoodie 627,1232320,3.2,3,M,Unisex,2026-05-15 18:28:14.604937
Pants 628,8113120,4.3,3,L,Men,2026-05-15 18:28:14.605721
Outerwear 629,3997920,4.4,3,XL,Women,2026-05-15 18:28:14.606189
Jacket 630,1003680,3.8,3,XXL,Unisex,2026-05-15 18:28:14.606751
T-shirt 632,4314240,3.6,3,M,Women,2026-05-15 18:28:14.608573
Hoodie 633,3128000,3.1,3,L,Unisex,2026-05-15 18:28:14.609369
Pants 634,8535680,3.9,3,XL,Men,2026-05-15 18:28:14.610075
Outerwear 635,6897120,4.1,3,XXL,Women,2026-05-15 18:28:14.610747
Jacket 636,3476320,4.5,3,S,Unisex,2026-05-15 18:28:14.611255
Crewneck 637,6030240,4.0,3,M,Men,2026-05-15 18:28:14.611892
T-shirt 638,5220960,4.6,3,L,Women,2026-05-15 18:28:14.612529
Hoodie 639,6782720,4.7,3,XL,Unisex,2026-05-15 18:28:14.612925
Pants 640,3038560,3.8,3,XXL,Men,2026-05-15 18:28:14.613300
Jacket 642,7747360,4.7,3,M,Unisex,2026-05-15 18:28:15.033658
Crewneck 643,6116000,3.2,3,L,Men,2026-05-15 18:28:15.034181
T-shirt 644,7479360,4.2,3,XL,Women,2026-05-15 18:28:15.034756
Hoodie 645,3285440,3.3,3,XXL,Unisex,2026-05-15 18:28:15.035328
Outerwear 647,4304960,3.8,3,M,Women,2026-05-15 18:28:15.036340
Jacket 648,8699520,4.5,3,L,Unisex,2026-05-15 18:28:15.036969
Crewneck 649,8588160,3.2,3,XL,Men,2026-05-15 18:28:15.037624
T-shirt 650,8012800,3.4,3,XXL,Women,2026-05-15 18:28:15.038151
Pants 652,6084960,3.3,3,M,Men,2026-05-15 18:28:15.039420
Outerwear 653,2622080,4.0,3,L,Women,2026-05-15 18:28:15.040137
Jacket 654,4089440,4.7,3,XL,Unisex,2026-05-15 18:28:15.040630
Crewneck 655,1834240,4.1,3,XXL,Men,2026-05-15 18:28:15.041019
T-shirt 656,2538720,4.2,3,S,Women,2026-05-15 18:28:15.041724
Hoodie 657,8459040,4.8,3,M,Unisex,2026-05-15 18:28:15.042718
Pants 658,6268320,3.8,3,L,Men,2026-05-15 18:28:15.043690
Outerwear 659,1817920,3.3,3,XL,Women,2026-05-15 18:28:15.044511
Jacket 660,8715200,3.5,3,XXL,Unisex,2026-05-15 18:28:15.045363
T-shirt 662,1422720,4.5,3,M,Women,2026-05-15 18:28:15.450607
Hoodie 663,7087200,4.0,3,L,Unisex,2026-05-15 18:28:15.451174
Pants 664,8248639,3.5,3,XL,Men,2026-05-15 18:28:15.451761
Outerwear 665,4033600,3.2,3,XXL,Women,2026-05-15 18:28:15.452327
Jacket 666,4844000,3.9,3,S,Unisex,2026-05-15 18:28:15.452850
Crewneck 667,1756640,3.7,3,M,Men,2026-05-15 18:28:15.453313
T-shirt 668,5044640,3.7,3,L,Women,2026-05-15 18:28:15.453834
Hoodie 669,2346080,3.3,3,XL,Unisex,2026-05-15 18:28:15.454474
Pants 670,8406720,4.8,3,XXL,Men,2026-05-15 18:28:15.455019
Jacket 672,4776160,4.5,3,M,Unisex,2026-05-15 18:28:15.456440
Crewneck 673,2803360,4.7,3,L,Men,2026-05-15 18:28:15.457110
T-shirt 674,3156640,3.1,3,XL,Women,2026-05-15 18:28:15.457587
Hoodie 675,4314880,3.2,3,XXL,Unisex,2026-05-15 18:28:15.457990
Outerwear 677,4657440,3.3,3,M,Women,2026-05-15 18:28:15.459176
Jacket 678,2777120,4.3,3,L,Unisex,2026-05-15 18:28:15.460040
Crewneck 679,6373120,3.2,3,XL,Men,2026-05-15 18:28:15.460683
T-shirt 680,8164800,3.2,3,XXL,Women,2026-05-15 18:28:15.461555
Pants 682,7616480,3.9,3,M,Men,2026-05-15 18:28:15.872319
Outerwear 683,3907360,3.6,3,L,Women,2026-05-15 18:28:15.872890
Jacket 684,7102560,3.5,3,XL,Unisex,2026-05-15 18:28:15.873445
Crewneck 685,1495840,4.6,3,XXL,Men,2026-05-15 18:28:15.874000
T-shirt 686,5381760,3.8,3,S,Women,2026-05-15 18:28:15.874469
Hoodie 687,4220800,4.7,3,M,Unisex,2026-05-15 18:28:15.874867
Pants 688,1487520,4.4,3,L,Men,2026-05-15 18:28:15.875258
Outerwear 689,1939040,4.6,3,XL,Women,2026-05-15 18:28:15.875805
Jacket 690,8782560,4.7,3,XXL,Unisex,2026-05-15 18:28:15.876435
T-shirt 692,1416480,4.1,3,M,Women,2026-05-15 18:28:15.877853
Hoodie 693,3031680,4.1,3,L,Unisex,2026-05-15 18:28:15.878527
Pants 694,2466720,3.4,3,XL,Men,2026-05-15 18:28:15.879169
Outerwear 695,959360,3.3,3,XXL,Women,2026-05-15 18:28:15.879579
Jacket 696,5146240,4.2,3,S,Unisex,2026-05-15 18:28:15.879990
Crewneck 697,6545120,5.0,3,M,Men,2026-05-15 18:28:15.880384
T-shirt 698,2444960,4.1,3,L,Women,2026-05-15 18:28:15.880934
Hoodie 699,5250240,4.5,3,XL,Unisex,2026-05-15 18:28:15.881442
Pants 700,3526560,4.3,3,XXL,Men,2026-05-15 18:28:15.882138
Jacket 702,4927680,4.3,3,M,Unisex,2026-05-15 18:28:16.299226
Crewneck 703,2949120,4.2,3,L,Men,2026-05-15 18:28:16.300169
T-shirt 704,6214240,4.1,3,XL,Women,2026-05-15 18:28:16.301031
Hoodie 705,3042880,3.1,3,XXL,Unisex,2026-05-15 18:28:16.301760
Outerwear 707,7746240,4.4,3,M,Women,2026-05-15 18:28:16.302652
Jacket 708,8541280,4.3,3,L,Unisex,2026-05-15 18:28:16.303385
Crewneck 709,7022400,3.9,3,XL,Men,2026-05-15 18:28:16.303970
T-shirt 710,3751520,3.2,3,XXL,Women,2026-05-15 18:28:16.304684
Pants 712,1510400,4.1,3,M,Men,2026-05-15 18:28:16.305928
Outerwear 713,3142880,4.4,3,L,Women,2026-05-15 18:28:16.306417
Jacket 714,892320,3.1,3,XL,Unisex,2026-05-15 18:28:16.306940
Crewneck 715,7021760,3.9,3,XXL,Men,2026-05-15 18:28:16.307630
T-shirt 716,3602560,4.9,3,S,Women,2026-05-15 18:28:16.308372
Hoodie 717,1532800,3.6,3,M,Unisex,2026-05-15 18:28:16.309065
Pants 718,4057120,3.2,3,L,Men,2026-05-15 18:28:16.309806
Outerwear 719,3172960,4.7,3,XL,Women,2026-05-15 18:28:16.310489
Jacket 720,2028320,3.8,3,XXL,Unisex,2026-05-15 18:28:16.311039
T-shirt 722,8724320,3.2,3,M,Women,2026-05-15 18:28:16.720120
Hoodie 723,5664800,3.4,3,L,Unisex,2026-05-15 18:28:16.720772
Pants 724,4824800,4.7,3,XL,Men,2026-05-15 18:28:16.721373
Outerwear 725,4979200,3.0,3,XXL,Women,2026-05-15 18:28:16.722013
Jacket 726,6345920,3.5,3,S,Unisex,2026-05-15 18:28:16.722671
Crewneck 727,4024000,4.8,3,M,Men,2026-05-15 18:28:16.723324
T-shirt 728,8173440,3.0,3,L,Women,2026-05-15 18:28:16.724072
Hoodie 729,6431360,3.6,3,XL,Unisex,2026-05-15 18:28:16.724615
Pants 730,7228800,4.5,3,XXL,Men,2026-05-15 18:28:16.725080
Jacket 732,6597600,3.9,3,M,Unisex,2026-05-15 18:28:16.726088
Crewneck 733,1162880,4.7,3,L,Men,2026-05-15 18:28:16.726692
T-shirt 734,6858560,4.2,3,XL,Women,2026-05-15 18:28:16.727683
Hoodie 735,4664320,4.0,3,XXL,Unisex,2026-05-15 18:28:16.728670
Outerwear 737,1015680,4.7,3,M,Women,2026-05-15 18:28:16.730193
Jacket 738,1893920,3.7,3,L,Unisex,2026-05-15 18:28:16.730852
Crewneck 739,8072960,3.3,3,XL,Men,2026-05-15 18:28:16.731389
T-shirt 740,7016640,3.4,3,XXL,Women,2026-05-15 18:28:16.731883
Pants 742,5626080,3.6,3,M,Men,2026-05-15 18:28:17.132895
Outerwear 743,5678080,3.0,3,L,Women,2026-05-15 18:28:17.133485
Jacket 744,5175680,4.1,3,XL,Unisex,2026-05-15 18:28:17.134062
Crewneck 745,2882560,3.8,3,XXL,Men,2026-05-15 18:28:17.134491
T-shirt 746,1517440,5.0,3,S,Women,2026-05-15 18:28:17.134886
Hoodie 747,6326880,4.7,3,M,Unisex,2026-05-15 18:28:17.135470
Pants 748,3134080,3.7,3,L,Men,2026-05-15 18:28:17.136169
Outerwear 749,2627360,3.2,3,XL,Women,2026-05-15 18:28:17.136944
Jacket 750,1030400,3.7,3,XXL,Unisex,2026-05-15 18:28:17.137690
T-shirt 752,7431520,3.8,3,M,Women,2026-05-15 18:28:17.138807
Hoodie 753,8137600,4.8,3,L,Unisex,2026-05-15 18:28:17.139383
Pants 754,7229760,3.1,3,XL,Men,2026-05-15 18:28:17.140034
Outerwear 755,6910400,4.6,3,XXL,Women,2026-05-15 18:28:17.140684
Jacket 756,7128000,3.1,3,S,Unisex,2026-05-15 18:28:17.141484
Crewneck 757,7582720,4.4,3,M,Men,2026-05-15 18:28:17.142190
T-shirt 758,6025920,3.1,3,L,Women,2026-05-15 18:28:17.142752
Hoodie 759,2779840,4.7,3,XL,Unisex,2026-05-15 18:28:17.143252
Pants 760,2191040,4.1,3,XXL,Men,2026-05-15 18:28:17.143721
Jacket 762,4091840,4.9,3,M,Unisex,2026-05-15 18:28:17.552743
Crewneck 763,5792640,3.9,3,L,Men,2026-05-15 18:28:17.553367
T-shirt 764,7211680,3.4,3,XL,Women,2026-05-15 18:28:17.554462
Hoodie 765,1343360,4.9,3,XXL,Unisex,2026-05-15 18:28:17.555164
Outerwear 767,4152800,4.5,3,M,Women,2026-05-15 18:28:17.556334
Jacket 768,5662080,4.9,3,L,Unisex,2026-05-15 18:28:17.556989
Crewneck 769,6294560,3.3,3,XL,Men,2026-05-15 18:28:17.557511
T-shirt 770,1655040,3.5,3,XXL,Women,2026-05-15 18:28:17.557986
Pants 772,8748160,3.4,3,M,Men,2026-05-15 18:28:17.558820
Outerwear 773,3393600,3.2,3,L,Women,2026-05-15 18:28:17.559199
Jacket 774,1485760,4.1,3,XL,Unisex,2026-05-15 18:28:17.559617
Crewneck 775,8189440,3.1,3,XXL,Men,2026-05-15 18:28:17.560047
T-shirt 776,5333120,3.7,3,S,Women,2026-05-15 18:28:17.560439
Hoodie 777,6104800,3.4,3,M,Unisex,2026-05-15 18:28:17.561206
Pants 778,6034720,4.2,3,L,Men,2026-05-15 18:28:17.561804
Outerwear 779,5816480,3.2,3,XL,Women,2026-05-15 18:28:17.562491
Jacket 780,2767520,3.4,3,XXL,Unisex,2026-05-15 18:28:17.563228
T-shirt 782,4117439,4.5,3,M,Women,2026-05-15 18:28:17.969095
Hoodie 783,2510720,3.0,3,L,Unisex,2026-05-15 18:28:17.969658
Pants 784,5341280,3.0,3,XL,Men,2026-05-15 18:28:17.970246
Outerwear 785,6444480,4.3,3,XXL,Women,2026-05-15 18:28:17.970867
Jacket 786,6749280,5.0,3,S,Unisex,2026-05-15 18:28:17.971431
Crewneck 787,4593600,4.7,3,M,Men,2026-05-15 18:28:17.971892
T-shirt 788,3041120,4.7,3,L,Women,2026-05-15 18:28:17.972330
Hoodie 789,2153280,4.0,3,XL,Unisex,2026-05-15 18:28:17.972868
Pants 790,1708320,3.2,3,XXL,Men,2026-05-15 18:28:17.973558
Jacket 792,4068960,3.8,3,M,Unisex,2026-05-15 18:28:17.974666
Crewneck 793,8650080,4.0,3,L,Men,2026-05-15 18:28:17.975112
T-shirt 794,5983040,4.0,3,XL,Women,2026-05-15 18:28:17.975503
Hoodie 795,4209600,3.9,3,XXL,Unisex,2026-05-15 18:28:17.975884
Outerwear 797,2771360,4.9,3,M,Women,2026-05-15 18:28:17.976589
Jacket 798,4391040,3.4,3,L,Unisex,2026-05-15 18:28:17.977030
Crewneck 799,4048800,4.2,3,XL,Men,2026-05-15 18:28:17.977512
T-shirt 800,7433280,4.6,3,XXL,Women,2026-05-15 18:28:17.978205
Pants 802,5710240,4.4,3,M,Men,2026-05-15 18:28:18.390048
Outerwear 803,1875360,4.3,3,L,Women,2026-05-15 18:28:18.390614
Jacket 804,4459040,3.9,3,XL,Unisex,2026-05-15 18:28:18.391208
Crewneck 805,3266720,4.8,3,XXL,Men,2026-05-15 18:28:18.391829
T-shirt 806,7310560,3.0,3,S,Women,2026-05-15 18:28:18.392500
Hoodie 807,5016000,4.7,3,M,Unisex,2026-05-15 18:28:18.393117
Pants 808,8717760,3.2,3,L,Men,2026-05-15 18:28:18.394034
Outerwear 809,7162560,3.7,3,XL,Women,2026-05-15 18:28:18.394644
Jacket 810,3796640,4.8,3,XXL,Unisex,2026-05-15 18:28:18.395104
T-shirt 812,6406080,4.2,3,M,Women,2026-05-15 18:28:18.395939
Hoodie 813,4872800,5.0,3,L,Unisex,2026-05-15 18:28:18.396348
Pants 814,1110080,4.7,3,XL,Men,2026-05-15 18:28:18.396726
Outerwear 815,5985440,4.8,3,XXL,Women,2026-05-15 18:28:18.397146
Jacket 816,1649120,4.5,3,S,Unisex,2026-05-15 18:28:18.397590
Crewneck 817,8744160,4.4,3,M,Men,2026-05-15 18:28:18.398266
T-shirt 818,5160320,3.8,3,L,Women,2026-05-15 18:28:18.399381
Hoodie 819,4742400,4.7,3,XL,Unisex,2026-05-15 18:28:18.400312
Pants 820,6030720,3.4,3,XXL,Men,2026-05-15 18:28:18.400932
Jacket 822,838240,4.2,3,M,Unisex,2026-05-15 18:28:18.802277
Crewneck 823,6103520,4.7,3,L,Men,2026-05-15 18:28:18.802881
T-shirt 824,3301440,4.1,3,XL,Women,2026-05-15 18:28:18.803531
Hoodie 825,1058400,3.8,3,XXL,Unisex,2026-05-15 18:28:18.804077
Outerwear 827,7091040,4.8,3,M,Women,2026-05-15 18:28:18.805219
Jacket 828,2324000,4.6,3,L,Unisex,2026-05-15 18:28:18.806017
Crewneck 829,4630400,4.4,3,XL,Men,2026-05-15 18:28:18.806785
T-shirt 830,4496480,3.0,3,XXL,Women,2026-05-15 18:28:18.808149
Pants 832,3955360,4.6,3,M,Men,2026-05-15 18:28:18.810302
Outerwear 833,7101280,3.0,3,L,Women,2026-05-15 18:28:18.811498
Jacket 834,7223680,3.1,3,XL,Unisex,2026-05-15 18:28:18.812434
Crewneck 835,7143360,3.9,3,XXL,Men,2026-05-15 18:28:18.813414
T-shirt 836,6065440,4.1,3,S,Women,2026-05-15 18:28:18.814174
Hoodie 837,5532640,5.0,3,M,Unisex,2026-05-15 18:28:18.814985
Pants 838,2848800,3.1,3,L,Men,2026-05-15 18:28:18.815861
Outerwear 839,4208320,3.9,3,XL,Women,2026-05-15 18:28:18.816670
Jacket 840,8164640,3.6,3,XXL,Unisex,2026-05-15 18:28:18.817417
T-shirt 842,2859040,3.3,3,M,Women,2026-05-15 18:28:19.222190
Hoodie 843,2997120,3.6,3,L,Unisex,2026-05-15 18:28:19.222718
Pants 844,7422880,3.9,3,XL,Men,2026-05-15 18:28:19.223153
Outerwear 845,2023200,3.2,3,XXL,Women,2026-05-15 18:28:19.223605
Jacket 846,7480480,3.6,3,S,Unisex,2026-05-15 18:28:19.224044
Crewneck 847,4789920,3.7,3,M,Men,2026-05-15 18:28:19.224443
T-shirt 848,6134240,4.1,3,L,Women,2026-05-15 18:28:19.224955
Hoodie 849,7816160,3.5,3,XL,Unisex,2026-05-15 18:28:19.225569
Pants 850,4144160,4.2,3,XXL,Men,2026-05-15 18:28:19.226037
Jacket 852,2777280,4.1,3,M,Unisex,2026-05-15 18:28:19.226851
Crewneck 853,2643840,3.4,3,L,Men,2026-05-15 18:28:19.227241
T-shirt 854,1600000,4.5,3,XL,Women,2026-05-15 18:28:19.227628
Hoodie 855,3249760,5.0,3,XXL,Unisex,2026-05-15 18:28:19.228017
Outerwear 857,4532800,3.0,3,M,Women,2026-05-15 18:28:19.228750
Jacket 858,3748640,3.7,3,L,Unisex,2026-05-15 18:28:19.229152
Crewneck 859,6418560,3.0,3,XL,Men,2026-05-15 18:28:19.229745
T-shirt 860,2419360,4.7,3,XXL,Women,2026-05-15 18:28:19.230722
Pants 862,4131359,3.3,3,M,Men,2026-05-15 18:28:19.629968
Outerwear 863,1071360,4.0,3,L,Women,2026-05-15 18:28:19.630515
Jacket 864,2168000,4.5,3,XL,Unisex,2026-05-15 18:28:19.631075
Crewneck 865,6805120,3.9,3,XXL,Men,2026-05-15 18:28:19.631654
T-shirt 866,2399040,3.2,3,S,Women,2026-05-15 18:28:19.632160
Hoodie 867,1303840,3.3,3,M,Unisex,2026-05-15 18:28:19.632743
Pants 868,7473760,4.6,3,L,Men,2026-05-15 18:28:19.633309
Outerwear 869,6040320,4.5,3,XL,Women,2026-05-15 18:28:19.633816
Jacket 870,6395040,3.5,3,XXL,Unisex,2026-05-15 18:28:19.634270
T-shirt 872,1343680,4.3,3,M,Women,2026-05-15 18:28:19.635172
Hoodie 873,8321600,4.8,3,L,Unisex,2026-05-15 18:28:19.635983
Pants 874,2755200,4.4,3,XL,Men,2026-05-15 18:28:19.636807
Outerwear 875,2506720,4.6,3,XXL,Women,2026-05-15 18:28:19.637629
Jacket 876,3225760,4.6,3,S,Unisex,2026-05-15 18:28:19.638526
Crewneck 877,4552640,4.6,3,M,Men,2026-05-15 18:28:19.639519
T-shirt 878,4809760,4.7,3,L,Women,2026-05-15 18:28:19.640438
Hoodie 879,1026880,3.1,3,XL,Unisex,2026-05-15 18:28:19.641515
Pants 880,6497760,4.3,3,XXL,Men,2026-05-15 18:28:19.642006
Jacket 882,6420960,3.3,3,M,Unisex,2026-05-15 18:28:20.065000
Crewneck 883,5901120,3.6,3,L,Men,2026-05-15 18:28:20.065766
T-shirt 884,7414720,4.3,3,XL,Women,2026-05-15 18:28:20.066493
Hoodie 885,4760640,3.4,3,XXL,Unisex,2026-05-15 18:28:20.067193
Outerwear 887,7806400,3.8,3,M,Women,2026-05-15 18:28:20.068462
Jacket 888,7869280,4.2,3,L,Unisex,2026-05-15 18:28:20.069305
Crewneck 889,6333920,4.6,3,XL,Men,2026-05-15 18:28:20.070082
T-shirt 890,6439040,4.7,3,XXL,Women,2026-05-15 18:28:20.070693
Pants 892,8515360,4.4,3,M,Men,2026-05-15 18:28:20.072389
Outerwear 893,2673600,3.2,3,L,Women,2026-05-15 18:28:20.073242
Jacket 894,2946560,4.8,3,XL,Unisex,2026-05-15 18:28:20.074095
Crewneck 895,1126720,4.3,3,XXL,Men,2026-05-15 18:28:20.074882
T-shirt 896,7873760,4.9,3,S,Women,2026-05-15 18:28:20.075488
Hoodie 897,6077920,3.1,3,M,Unisex,2026-05-15 18:28:20.075949
Pants 898,8408640,4.1,3,L,Men,2026-05-15 18:28:20.076481
Outerwear 899,6192960,4.8,3,XL,Women,2026-05-15 18:28:20.076937
Jacket 900,7214240,3.3,3,XXL,Unisex,2026-05-15 18:28:20.077386
T-shirt 902,3164000,3.6,3,M,Women,2026-05-15 18:28:20.484360
Hoodie 903,2617920,4.1,3,L,Unisex,2026-05-15 18:28:20.485380
Pants 904,3356320,3.9,3,XL,Men,2026-05-15 18:28:20.486239
Outerwear 905,5027840,4.9,3,XXL,Women,2026-05-15 18:28:20.487157
Jacket 906,4301760,3.9,3,S,Unisex,2026-05-15 18:28:20.488089
Crewneck 907,8732640,4.9,3,M,Men,2026-05-15 18:28:20.489066
T-shirt 908,7954880,4.2,3,L,Women,2026-05-15 18:28:20.489685
Hoodie 909,8383840,3.6,3,XL,Unisex,2026-05-15 18:28:20.490208
Pants 910,2395200,4.7,3,XXL,Men,2026-05-15 18:28:20.490709
Jacket 912,7853280,4.9,3,M,Unisex,2026-05-15 18:28:20.491641
Crewneck 913,3222240,3.5,3,L,Men,2026-05-15 18:28:20.492239
T-shirt 914,5799200,4.6,3,XL,Women,2026-05-15 18:28:20.492922
Hoodie 915,2649120,4.2,3,XXL,Unisex,2026-05-15 18:28:20.493691
Outerwear 917,6061600,4.0,3,M,Women,2026-05-15 18:28:20.494681
Jacket 918,5380800,3.3,3,L,Unisex,2026-05-15 18:28:20.495251
Crewneck 919,8364000,4.7,3,XL,Men,2026-05-15 18:28:20.495718
T-shirt 920,3706080,3.2,3,XXL,Women,2026-05-15 18:28:20.496150
Pants 922,1210880,4.4,3,M,Men,2026-05-15 18:28:20.894214
Outerwear 923,2435840,3.7,3,L,Women,2026-05-15 18:28:20.894816
Jacket 924,3764320,3.8,3,XL,Unisex,2026-05-15 18:28:20.895439
Crewneck 925,7900800,4.5,3,XXL,Men,2026-05-15 18:28:20.896142
T-shirt 926,1911040,4.6,3,S,Women,2026-05-15 18:28:20.896799
Hoodie 927,7706400,3.5,3,M,Unisex,2026-05-15 18:28:20.897352
Pants 928,3911680,3.4,3,L,Men,2026-05-15 18:28:20.898031
Outerwear 929,1253440,3.3,3,XL,Women,2026-05-15 18:28:20.898873
Jacket 930,1741120,4.9,3,XXL,Unisex,2026-05-15 18:28:20.899580
T-shirt 932,5937600,4.2,3,M,Women,2026-05-15 18:28:20.900581
Hoodie 933,4960800,3.4,3,L,Unisex,2026-05-15 18:28:20.901154
Pants 934,2248160,3.6,3,XL,Men,2026-05-15 18:28:20.901710
Outerwear 935,6048000,4.1,3,XXL,Women,2026-05-15 18:28:20.902336
Jacket 936,6165440,3.1,3,S,Unisex,2026-05-15 18:28:20.903165
Crewneck 937,2475360,4.1,3,M,Men,2026-05-15 18:28:20.903764
T-shirt 938,4058400,3.6,3,L,Women,2026-05-15 18:28:20.904349
Hoodie 939,4466080,4.8,3,XL,Unisex,2026-05-15 18:28:20.905315
Pants 940,5776000,3.7,3,XXL,Men,2026-05-15 18:28:20.906448
Jacket 942,7972960,3.0,3,M,Unisex,2026-05-15 18:28:21.300938
Crewneck 943,4571040,4.4,3,L,Men,2026-05-15 18:28:21.301627
T-shirt 944,1578240,4.6,3,XL,Women,2026-05-15 18:28:21.302530
Hoodie 945,2107680,4.2,3,XXL,Unisex,2026-05-15 18:28:21.303174
Outerwear 947,7079680,4.6,3,M,Women,2026-05-15 18:28:21.304563
Jacket 948,4600480,3.9,3,L,Unisex,2026-05-15 18:28:21.305350
Crewneck 949,1844320,4.4,3,XL,Men,2026-05-15 18:28:21.305898
T-shirt 950,7691680,4.9,3,XXL,Women,2026-05-15 18:28:21.306713
Pants 952,7155040,3.7,3,M,Men,2026-05-15 18:28:21.308288
Outerwear 953,8423200,3.8,3,L,Women,2026-05-15 18:28:21.308971
Jacket 954,3878720,4.1,3,XL,Unisex,2026-05-15 18:28:21.309932
Crewneck 955,7006560,4.7,3,XXL,Men,2026-05-15 18:28:21.310989
T-shirt 956,4457600,3.1,3,S,Women,2026-05-15 18:28:21.311908
Hoodie 957,4024320,4.4,3,M,Unisex,2026-05-15 18:28:21.312543
Pants 958,3946240,4.8,3,L,Men,2026-05-15 18:28:21.313150
Outerwear 959,6828480,4.6,3,XL,Women,2026-05-15 18:28:21.313786
Jacket 960,5840160,4.5,3,XXL,Unisex,2026-05-15 18:28:21.314475
T-shirt 962,2887840,4.1,3,M,Women,2026-05-15 18:28:21.749875
Hoodie 963,7916160,4.6,3,L,Unisex,2026-05-15 18:28:21.750466
Pants 964,3885280,3.3,3,XL,Men,2026-05-15 18:28:21.751033
Outerwear 965,3107200,4.5,3,XXL,Women,2026-05-15 18:28:21.751607
Jacket 966,8499520,4.9,3,S,Unisex,2026-05-15 18:28:21.752115
Crewneck 967,1744000,3.5,3,M,Men,2026-05-15 18:28:21.752526
T-shirt 968,4045120,4.4,3,L,Women,2026-05-15 18:28:21.752925
Hoodie 969,4231840,3.8,3,XL,Unisex,2026-05-15 18:28:21.753377
Pants 970,952960,4.6,3,XXL,Men,2026-05-15 18:28:21.753917
Jacket 972,7272000,4.4,3,M,Unisex,2026-05-15 18:28:21.755235
Crewneck 973,7134400,3.9,3,L,Men,2026-05-15 18:28:21.755800
T-shirt 974,4769280,3.0,3,XL,Women,2026-05-15 18:28:21.756283
Hoodie 975,4816000,3.6,3,XXL,Unisex,2026-05-15 18:28:21.756709
Outerwear 977,3356000,3.6,3,M,Women,2026-05-15 18:28:21.758203
Jacket 978,3918240,3.6,3,L,Unisex,2026-05-15 18:28:21.759096
Crewneck 979,4848480,3.4,3,XL,Men,2026-05-15 18:28:21.760037
T-shirt 980,6544000,3.1,3,XXL,Women,2026-05-15 18:28:21.760953
Pants 982,7281760,4.9,3,M,Men,2026-05-15 18:28:22.169968
Outerwear 983,5762560,3.2,3,L,Women,2026-05-15 18:28:22.170475
Jacket 984,7349440,3.8,3,XL,Unisex,2026-05-15 18:28:22.171018
Crewneck 985,6236000,4.3,3,XXL,Men,2026-05-15 18:28:22.171585
T-shirt 986,6713760,4.5,3,S,Women,2026-05-15 18:28:22.172132
Hoodie 987,4008000,4.7,3,M,Unisex,2026-05-15 18:28:22.172621
Pants 988,2054239,3.5,3,L,Men,2026-05-15 18:28:22.173168
Outerwear 989,6869440,4.2,3,XL,Women,2026-05-15 18:28:22.173695
Jacket 990,3327360,4.2,3,XXL,Unisex,2026-05-15 18:28:22.174286
T-shirt 992,4840480,4.9,3,M,Women,2026-05-15 18:28:22.175585
Hoodie 993,6361920,3.4,3,L,Unisex,2026-05-15 18:28:22.176416
Pants 994,1693760,4.4,3,XL,Men,2026-05-15 18:28:22.177216
Outerwear 995,8046720,3.2,3,XXL,Women,2026-05-15 18:28:22.177707
Jacket 996,6942400,4.3,3,S,Unisex,2026-05-15 18:28:22.178283
Crewneck 997,5321280,3.9,3,M,Men,2026-05-15 18:28:22.178976
T-shirt 998,908000,4.2,3,L,Women,2026-05-15 18:28:22.179917
Hoodie 999,8534240,4.8,3,XL,Unisex,2026-05-15 18:28:22.180744
Pants 1000,2938240,4.7,3,XXL,Men,2026-05-15 18:28:22.181337
